Dougherty,Antwan,ADougherty556,FR-Phi
Knox,Patrick,PKnoxX539,SR-Art
Parrish,Shane,SParrish474,SO-Ger
Kerr,Jerome,JKerrX130,SR-Jou
Foley,Adriel,AFoley752,JR-Avi
Wagner,Seamus,SWagner837,SR-Ele
Hobbs,Ashton,AHobbs844,FR-Urb
Petty,Evie,EPetty205,SO-Pub
Myers,Leandro,LMyers183,SR-Cou
Roberts,Julia,JRoberts830,FR-Lib
Brandt,Lukas,LBrandt112,FR-Med
Livingston,Alani,ALivingston006,SO-Urb
Peterson,Jamiya,JPeterson639,JR-Med
Roy,Kirsten,KRoyXX825,FR-Man
Copeland,Johnny,JCopeland583,FR-Int
Wong,Amirah,AWongX533,SO-Cre
Kline,Luciano,LKline201,SO-Cyb
Joseph,Lance,LJoseph641,SR-Bio
Rangel,Paula,PRangel431,SR-Neu
Massey,Jamie,JMassey853,SR-Mus
Rubio,Karli,KRubio755,SR-Exe
Mcguire,Ellis,EMcguire534,JR-Con
Oliver,Madyson,MOliver668,FR-Sec
Fry,Serenity,SFryXX411,JR-Ele
Leon,Jaliyah,JLeonX981,SO-Geo
Guerrero,Parker,PGuerrero247,FR-Pol
Kemp,Milagros,MKempX897,SR-Avi
Garza,Aniya,AGarza601,FR-Edu
Roberts,Zoe,ZRoberts528,SO-The
Chan,Ryder,RChanX239,SR-Com
Norton,Antonio,ANorton172,SR-Mus
Kim,Jazlene,JKimXX224,JR-Com
Cox,America,ACoxXX781,SR-Avi
Rogers,Colby,CRogers208,SR-Soc
Conrad,Stella,SConrad746,SO-Bio
Mccullough,Micheal,MMccullough223,SR-Hea
Hardy,Kolby,KHardy119,JR-Mus
Tapia,Sophia,STapia838,FR-Che
Jacobson,Addison,AJacobson891,JR-Con
Terrell,Aimee,ATerrell390,FR-Eme
Cannon,Abagail,ACannon376,FR-Avi
Conrad,Donald,DConrad782,JR-Man
Medina,Tiana,TMedina667,JR-Edu
Vasquez,Edwin,EVasquez466,SO-Sec
Mcclain,Sofia,SMcclain732,SR-Pub
Nash,Braylon,BNashX498,FR-Inf
Buchanan,Chaya,CBuchanan425,SR-For
Juarez,Charlize,CJuarez304,SR-Rel
Yu,Xzavier,XYuXXX036,SO-Ger
Kent,Timothy,TKentX916,FR-Jou
Jones,Bailee,BJones121,SR-Bio
Hoover,Elizabeth,EHoover898,FR-Eng
Ramos,Jaida,JRamos123,SR-Avi
Livingston,Perla,PLivingston240,SR-Con
Simpson,Shayna,SSimpson529,SO-Eme
Dawson,Jan,JDawson556,JR-Wri
Huffman,Aryana,AHuffman629,SO-Mul
Fernandez,Hillary,HFernandez684,JR-Wom
Barnes,Hillary,HBarnes360,FR-Com
Parks,Kayla,KParks990,SR-Eco
Murphy,Todd,TMurphy455,FR-Sch
Kelley,Melissa,MKelley398,SR-Arc
Gross,Abbigail,AGross563,SO-Ath
Benton,Alina,ABenton825,SO-Spe
Klein,Jadon,JKlein317,SO-Com
Love,Saul,SLoveX880,SO-Inf
Galvan,Ingrid,IGalvan204,FR-Neu
Logan,Zachery,ZLogan143,FR-Kin
Singleton,Rubi,RSingleton219,SO-Soc
Esparza,Emiliano,EEsparza346,JR-Man
Salazar,Sierra,SSalazar642,FR-Cou
Blair,Ashlyn,ABlair906,SR-Acc
Barrera,Destiney,DBarrera582,JR-Com
Good,Armani,AGoodX042,FR-Bio
Mcneil,Maximus,MMcneil765,JR-Cre
Peters,Jalen,JPeters543,JR-Ath
Preston,Chana,CPreston732,SR-Inf
Simmons,Asia,ASimmons665,FR-Mus
Mccarty,Ronan,RMccarty097,SO-Bio
Mitchell,Adrianna,AMitchell124,FR-Arc
Evans,Molly,MEvans887,SR-His
Mcclure,Lilah,LMcclure119,SR-Sch
Riddle,Lola,LRiddle430,JR-Psy
Novak,Khloe,KNovak114,JR-Soc
Harding,Elyse,EHarding535,SR-Lit
Clark,Aditya,AClark822,FR-Mat
Patterson,Alvin,APatterson967,SR-Edu
Benson,Deegan,DBenson951,FR-For
Mcbride,Aaron,AMcbride611,SR-Eng
West,Lilyana,LWestX516,SO-Acc
Liu,Connor,CLiuXX936,SO-Cri
Camacho,Asher,ACamacho735,SO-Pol
Hancock,Myles,MHancock239,SO-Mat
Cook,Asher,ACookX286,SO-Ger
Tanner,Cale,CTanner834,SO-Pol
Hester,Trent,THester168,SO-Wri
Romero,Cristofer,CRomero870,SO-Bla
Caldwell,Maren,MCaldwell745,SO-Acc
Long,Matthew,MLongX733,FR-Civ
Booker,Remington,RBooker222,JR-The
